team,year,leag,o_fgm,o_fga,o_ftm,o_fta,o_oreb,o_dreb,o_reb,o_asts,o_pf,o_stl,o_to,o_blk,o_3pm,o_3pa,o_pts,d_fgm,d_fga,d_ftm,d_fta,d_oreb,d_dreb,d_reb,d_asts,d_pf,d_stl,d_to,d_blk,d_3pm,d_3pa,d_pts,pace,won,lost,class
ATL,1999,N,3000,6807,1477,1987,1146,2570,3716,1548,1718,500,1266,466,258,814,7735,3211,7060,1381,1796,1052,2474,3526,1886,1830,655,1001,400,373,1015,8176,94.286369,28,54,0
BOS,1999,N,3054,6879,1621,2175,1108,2420,3528,1741,2223,794,1259,287,417,1259,8146,2960,6304,1929,2563,857,2534,3391,1798,1928,638,1394,478,359,995,8208,96.433121,35,47,0
CHA,1999,N,2935,6533,1863,2458,884,2635,3519,2023,1670,732,1206,480,339,1001,8072,3048,6811,1347,1807,966,2550,3516,1903,2076,604,1297,421,410,1086,7853,95.936806,49,33,1
CHI,1999,N,2565,6180,1482,2089,1032,2323,3356,1636,1908,646,1557,383,340,1031,6952,2916,6396,1533,2070,1000,2416,3416,1902,1966,853,1244,461,358,1049,7723,91.714371,17,65,0
CLE,1999,N,2977,6734,1653,2205,1010,2499,3510,1940,2219,713,1427,363,343,920,7950,2983,6733,1851,2385,1013,2586,3598,1942,2058,659,1387,501,420,1227,8237,98.378502,32,50,0
DAL,1999,N,3195,7047,1407,1751,931,2444,3375,1810,1770,592,1124,416,519,1326,8316,3225,7053,1484,2005,1251,2719,3970,1901,1814,604,1318,421,429,1243,8363,96.777138,40,42,0
DEN,1999,N,3057,6911,1531,2116,1073,2590,3663,1911,1962,554,1280,618,470,1397,8115,3129,6953,1632,2174,1027,2606,3633,2003,1937,616,1178,462,399,1126,8287,97.36314399999999,35,47,0
DET,1999,N,3044,6636,1956,2506,917,2458,3375,1707,2011,665,1289,292,439,1223,8483,3119,6706,1669,2237,973,2504,3479,1893,2219,652,1400,396,458,1235,8365,98.07824699999999,42,40,1
GSW,1999,N,2996,7141,1497,2147,1300,2438,3736,1851,2043,730,1301,363,345,1067,7834,3165,6775,1755,2328,1091,2691,3782,2036,1887,689,1337,493,427,1162,8512,97.49852,19,63,0
HOU,1999,N,3001,6663,1573,2145,1008,2586,3594,1774,1663,613,1425,438,581,1624,8156,3226,7074,1425,1829,1027,2451,3478,1863,1833,735,1126,433,350,990,8227,96.710167,34,48,0
IND,1999,N,3047,6640,1629,2008,842,2612,3454,1857,1786,559,1159,422,583,1487,8306,3113,6982,1374,1821,1040,2545,3585,1735,1910,610,1126,325,329,1006,7929,94.94659399999999,56,26,1
LAC,1999,N,2877,6757,1363,1826,955,2377,3332,1479,1821,578,1326,494,429,1267,7546,3281,6879,1512,2041,1038,2699,3737,1975,1731,622,1172,382,417,1077,8491,95.748726,15,67,0
LAL,1999,N,3137,6836,1649,2368,1117,2738,3855,1921,1841,613,1143,532,344,1047,8267,2838,6824,1518,2045,1007,2531,3538,1597,2099,627,1196,359,372,1142,7566,95.59303299999999,67,15,1
MIA,1999,N,2974,6462,1345,1827,921,2619,3540,1931,1947,582,1231,524,446,1202,7739,2782,6596,1512,2022,974,2341,3315,1582,1795,621,1150,372,408,1130,7484,92.092712,52,30,1
MIL,1999,N,3174,6827,1558,1982,1016,2373,3390,1852,2020,671,1230,383,394,1069,8298,3033,6644,1685,2241,1037,2368,3404,1987,1870,637,1303,344,531,1357,8282,95.547104,42,40,1
MIN,1999,N,3226,6910,1379,1769,1016,2471,3487,2205,1913,622,1139,444,248,716,8079,2924,6577,1644,2185,916,2440,3357,1737,1685,591,1232,344,380,1067,7872,94.68066400000001,50,32,1
NJN,1999,N,2979,6882,1601,2041,1040,2315,3355,1688,1913,720,1119,393,477,1374,8036,3125,6741,1503,2012,1129,2657,3786,1857,1869,568,1366,469,368,1013,8121,95.022499,31,51,0
NYK,1999,N,2897,6372,1410,1805,802,2521,3323,1588,1983,514,1200,360,351,936,7555,2711,6399,1609,2153,927,2441,3366,1609,1799,602,1160,353,404,1195,7435,91.524353,50,32,1
ORL,1999,N,3169,7014,1574,2142,1145,2540,3685,1709,1967,743,1443,467,294,870,8206,3076,6919,1567,2104,1094,2473,3567,1991,2008,724,1488,475,431,1277,8150,99.681786,41,41,0
PHI,1999,N,2993,6776,1577,2226,1147,2468,3615,1817,1939,791,1284,386,208,643,7771,2867,6595,1510,2001,1065,2501,3566,1828,1977,631,1445,529,417,1172,7661,95.176979,49,33,1
PHO,1999,N,3093,6771,1467,1934,1022,2558,3580,2098,1973,744,1367,433,458,1245,8111,2825,6665,1630,2205,1071,2465,3536,1700,1794,733,1421,425,403,1146,7683,96.411606,53,29,1
POR,1999,N,3021,6430,1542,2029,966,2560,3526,1925,1865,633,1243,402,407,1128,7991,2825,6557,1422,1985,978,2220,3198,1705,1872,652,1186,350,394,1195,7466,92.096336,59,23,1
SAC,1999,N,3276,7288,1521,2017,1056,2635,3692,1953,1729,787,1324,381,534,1656,8607,3269,7240,1434,1910,1143,2761,3904,1950,1943,753,1438,403,396,1123,8368,101.64989,44,38,1
SAS,1999,N,2952,6394,1652,2214,927,2666,3593,1819,1716,614,1234,549,330,883,7886,2884,6781,1276,1726,986,2410,3397,1667,1893,645,1180,429,355,1036,7399,93.13248399999999,53,29,1
SEA,1999,N,3108,6946,1363,1960,1042,2483,3525,1878,1776,657,1153,345,546,1611,8125,3132,6941,1343,1795,1084,2611,3695,1939,1839,590,1258,433,440,1292,8047,95.638245,45,37,1
TOR,1999,N,2980,6882,1583,2068,1098,2449,3547,1947,1989,666,1137,544,425,1171,7968,3002,6615,1631,2136,961,2552,3513,1790,1874,557,1250,442,346,1021,7981,94.735054,45,37,1
UTA,1999,N,2962,6380,1661,2150,936,2426,3363,2041,2013,629,1220,445,329,854,7914,2781,6240,1598,2141,887,2236,3123,1620,2023,588,1270,416,388,1097,7548,91.714851,55,27,1
VAN,1999,N,2892,6440,1594,2060,1005,2324,3328,1700,1881,609,1379,345,324,898,7702,3136,6612,1530,1990,970,2336,3307,1931,1912,723,1235,516,361,1083,8163,93.515663,22,60,0
WAS,1999,N,3010,6681,1566,2107,1064,2438,3502,1771,2149,594,1320,380,335,890,7921,3005,6547,1790,2405,962,2418,3381,1793,1967,686,1227,503,390,1052,8190,95.094788,29,53,0
ATL,2000,N,2876,6668,1374,1811,1028,2490,3518,1559,1863,634,1292,387,333,933,7459,2922,6609,1646,2153,1029,2534,3563,1737,1695,698,1158,513,396,1080,7886,93.160042,25,57,0
BOS,2000,N,2773,6485,1621,2190,897,2367,3264,1708,1952,769,1238,336,592,1633,7759,2935,6392,1634,2178,888,2650,3538,1885,1903,650,1325,440,430,1170,7934,94.14373,36,46,0
CHA,2000,N,2800,6501,1599,2146,1033,2608,3641,1900,1753,665,1124,455,340,984,7539,2767,6501,1444,1910,892,2436,3328,1748,1765,616,1145,375,389,1081,7367,91.44651,46,36,1
CHI,2000,N,2721,6411,1410,1909,926,2260,3186,1810,1902,675,1197,379,329,950,7181,2987,6330,1607,2202,957,2551,3508,1932,1752,635,1176,426,346,973,7927,90.897728,15,67,0
CLE,2000,N,2890,6532,1561,2040,1015,2440,3455,1708,1902,642,1297,436,220,659,7561,2927,6582,1633,2125,990,2400,3390,1880,1810,694,1174,542,422,1155,7909,93.15061999999999,30,52,0
DAL,2000,N,3085,6716,1552,1954,831,2571,3402,1740,1907,618,1094,492,517,1357,8239,2938,6693,1631,2231,1068,2623,3691,1778,1846,622,1211,379,381,1140,7888,94.624092,53,29,1
DEN,2000,N,2979,6877,1448,1964,1044,2583,3627,1970,1820,552,1092,538,512,1444,7918,3081,6914,1542,2049,1012,2642,3654,2042,1760,588,1041,497,416,1168,8120,94.487022,40,42,0
DET,2000,N,2919,6880,1610,2233,1108,2626,3734,1629,1955,613,1265,447,389,1112,7837,2976,6850,1596,2169,1012,2671,3683,1860,2062,669,1219,397,428,1229,7976,96.887375,32,50,0
GSW,2000,N,2937,7175,1428,2024,1345,2385,3730,1788,1727,742,1253,410,282,964,7584,3179,6740,1529,2011,1039,2693,3732,2045,1764,722,1302,493,439,1159,8326,95.863075,17,65,0
HOU,2000,N,2943,6494,1582,2086,919,2524,3443,1613,1657,587,1136,358,504,1412,7972,3020,6733,1385,1862,988,2420,3408,1735,1770,605,1055,400,359,1015,7784,92.156532,45,37,0
IND,2000,N,2828,6431,1539,2009,921,2595,3516,1763,1925,563,1173,487,396,1159,7591,2829,6683,1572,2074,1042,2495,3537,1695,1882,589,1072,387,377,1121,7607,91.82049599999999,41,41,1
LAC,2000,N,2896,6467,1429,2061,962,2559,3521,1585,1775,490,1212,513,360,1063,7581,2995,6799,1474,1983,1042,2439,3480,1791,1795,638,996,412,354,1075,7818,92.164024,31,51,0
LAL,2000,N,3109,6685,1594,2333,1085,2583,3668,1888,1872,564,1137,490,439,1275,8251,2983,6815,1595,2114,981,2407,3388,1659,2002,619,1021,324,413,1168,7974,93.97305300000001,56,26,1
MIA,2000,N,2694,6258,1423,1874,813,2435,3248,1630,1725,633,1076,304,478,1384,7289,2701,6261,1339,1818,914,2528,3442,1421,1824,598,1208,424,360,1087,7101,88.84671,50,32,1
MIL,2000,N,3112,6798,1474,1874,975,2500,3475,1844,1928,672,1082,386,562,1481,8260,2912,6626,1679,2186,1014,2490,3504,1883,1778,592,1216,350,439,1246,7942,93.796097,52,30,1
MIN,2000,N,3148,6871,1364,1737,1002,2470,3472,2083,1899,682,1105,456,322,901,7982,2977,6588,1567,2164,967,2505,3472,1834,1656,583,1181,357,350,996,7871,93.633156,47,35,1
NJN,2000,N,2781,6550,1629,2146,909,2337,3246,1603,1982,649,1139,407,361,1084,7552,2937,6452,1664,2231,1001,2622,3623,1840,1808,619,1258,522,428,1189,7966,93.16439799999999,26,56,0
NYK,2000,N,2755,6198,1374,1727,773,2524,3297,1520,1863,545,1132,346,391,1115,7275,2568,6159,1478,2015,872,2418,3290,1573,1754,596,1147,338,445,1266,7059,88.46595,48,34,1
ORL,2000,N,3013,6873,1476,2068,1069,2450,3519,1803,2071,674,1216,481,490,1346,7992,2830,6499,1885,2566,1061,2609,3670,1793,1946,695,1325,440,366,1059,7911,95.624702,43,39,1
PHI,2000,N,2902,6487,1697,2277,1075,2600,3675,1692,1673,690,1231,408,262,803,7763,2871,6699,1243,1660,985,2366,3351,1771,1936,672,1215,458,427,1248,7412,92.495949,56,26,1
PHO,2000,N,2944,6757,1490,1973,970,2529,3499,1905,1864,775,1208,429,332,1054,7710,2792,6422,1618,2127,902,2588,3490,1653,1818,682,1382,416,327,937,7529,94.89364599999999,51,31,1
POR,2000,N,3004,6416,1447,1899,960,2481,3440,1963,1745,672,1211,419,369,1057,7824,2819,6436,1436,1930,946,2238,3184,1745,1737,646,1169,324,406,1103,7480,90.721977,50,32,1
SAC,2000,N,3132,6969,1600,2075,987,1718,3692,1852,1596,793,1178,432,479,1353,8343,3087,7139,1291,1724,1121,2643,3764,1816,1766,666,1277,476,401,1131,7866,97.465645,55,27,1
SAS,2000,N,2884,6262,1673,2340,902,2712,3614,1778,1551,568,1099,576,445,1094,7886,2837,6770,1233,1664,967,2432,3399,1617,1946,600,1060,426,343,1043,7250,91.163177,58,24,1
SEA,2000,N,3029,6649,1454,1986,999,2422,3421,1792,1733,657,1201,409,466,1169,7978,3076,6783,1353,1824,1046,2431,3477,1957,1817,648,1171,510,471,1351,7976,93.288414,44,38,0
TOR,2000,N,3048,6972,1482,1984,1118,2529,3647,2004,1745,599,1043,519,429,1164,8007,3009,6725,1425,1890,926,2511,3437,1696,1792,561,1095,439,379,1045,7822,93.652008,47,35,1
UTA,2000,N,2960,6289,1714,2280,943,2383,3326,2111,2108,661,1250,463,325,852,7959,2667,6076,1830,2391,874,2183,3057,1564,2008,699,1269,453,410,1194,7574,91.395737,53,29,1
VAN,2000,N,2870,6539,1457,1892,894,2431,3325,1899,1733,586,1237,359,325,947,7522,3143,6791,1317,1798,1052,2534,3586,1935,1768,710,1190,476,389,1075,7992,93.28357700000001,23,59,0
WAS,2000,N,2833,6453,1704,2245,1016,2370,3386,1647,1913,630,1321,383,275,848,7645,3100,6596,1559,2088,931,2410,3341,1902,1972,688,1181,511,433,1093,8192,93.742424,19,63,0
ATL,2001,N,2901,6610,1486,1942,955,2445,3400,1656,1702,667,1203,350,423,1194,7711,3065,6674,1456,1956,1004,2523,3525,1856,1647,703,1177,508,472,1329,8058,93.19606800000001,33,49,0
BOS,2001,N,2852,6731,1498,1960,891,2570,3461,1722,1775,793,1082,293,699,1946,7901,2797,6578,1612,2091,954,2807,3760,1802,1733,623,1284,474,514,1511,7720,94.358406,49,33,1
CHA,2001,N,2893,6580,1568,2105,1059,2505,3564,1759,1747,653,1108,456,346,994,7700,2850,6594,1488,1938,963,2399,3362,1639,1702,625,1074,426,433,1156,7621,91.339409,44,38,1
CHI,2001,N,2811,6491,1413,1958,924,2359,3283,1817,1834,633,1169,361,300,868,7335,3027,6514,1560,2090,944,2553,3497,2066,1716,681,1122,399,421,1176,8035,91.920822,21,61,0
CLE,2001,N,2948,6582,1529,1980,968,2483,3451,1891,1752,572,1129,470,387,1026,7812,3053,6678,1506,2014,928,2382,3310,1989,1638,602,1018,459,473,1200,8085,92.278862,29,53,0
DAL,2001,N,3200,6930,1608,1994,918,2568,3486,1811,1841,581,958,386,621,1645,8629,3094,6851,1640,2184,1065,2600,3665,1865,1784,589,1121,377,452,1293,8280,94.980194,57,25,1
DEN,2001,N,2915,6870,1306,1756,1117,2310,3427,1817,1871,613,1130,462,423,1285,7559,3005,6540,1602,2144,995,2529,3524,1968,1645,671,1122,561,424,1173,8036,92.264595,27,55,0
DET,2001,N,2846,6301,1478,1954,810,2366,3176,1765,1695,648,1135,565,568,1510,7738,2926,6544,1349,1787,991,2511,3502,1637,1872,651,1207,334,359,993,7560,90.85058599999999,50,32,1
GSW,2001,N,2998,6989,1693,2344,1334,2493,3827,1706,1884,650,1325,523,320,994,8009,3213,6993,1622,2125,1100,2450,3551,2002,1946,706,1132,516,404,1162,8452,96.527649,21,61,0
HOU,2001,N,2837,6629,1402,1893,1025,2411,3436,1482,1476,537,1074,445,496,1480,7572,3191,6875,1221,1623,1045,2507,3552,1838,1647,576,949,414,370,1028,7973,90.681366,28,54,0
IND,2001,N,2935,6580,1663,2155,930,2568,3498,1884,1876,658,1191,436,405,1195,7938,2977,6800,1544,2062,1048,2514,3562,1771,1855,618,1120,465,418,1200,7916,94.09272,42,40,1
LAC,2001,N,2970,6668,1498,2026,1083,2474,3557,1714,1625,510,1150,540,408,1147,7846,3074,6866,1329,1783,1064,2379,3443,1859,1775,612,1009,439,407,1145,7884,91.998428,39,43,0
LAL,2001,N,3150,6839,1494,2138,1022,2607,3629,1882,1823,625,995,478,510,1439,8304,2872,6777,1577,2072,1016,2526,3542,1643,1888,586,1100,352,399,1259,7720,93.832359,58,24,1
MEM,2001,N,2851,6535,1334,1883,984,2413,3397,1785,1571,646,1290,488,336,1096,7372,3119,6830,1346,1788,1135,2560,3693,1960,1783,781,1164,455,398,1112,7982,92.56219499999999,23,59,0
MIA,2001,N,2801,6382,1236,1708,902,2544,3446,1664,1846,547,1153,448,312,899,7150,2666,6279,1565,2127,894,2484,3378,1461,1707,620,1073,353,379,1109,7276,89.317642,36,46,0
MIL,2001,N,3041,6577,1321,1767,841,2557,3398,1847,1788,596,1112,388,593,1583,7996,3016,6846,1489,1967,1050,2438,3489,1884,1641,599,993,361,493,1377,8014,92.348969,41,41,0
MIN,2001,N,3175,6887,1399,1754,1059,2562,3621,1993,1739,524,1069,427,396,1047,8145,2962,6654,1452,1958,912,2326,3238,1855,1674,542,1036,407,492,1321,7868,92.520126,50,32,1
NJN,2001,N,3042,6816,1402,1907,1039,2515,3554,1990,1734,716,1169,490,403,1194,7889,2858,6668,1423,1890,999,2517,3516,1563,1668,669,1243,440,409,1175,7548,93.85218,52,30,1
NYK,2001,N,2817,6520,1406,1786,876,2458,3334,1720,1800,558,1155,288,474,1344,7514,2924,6570,1550,2047,959,2540,3499,1762,1668,686,1059,385,443,1256,7841,91.596878,30,52,0
ORL,2001,N,3087,6893,1446,1917,942,2440,3382,1804,1700,665,1085,384,620,1660,8240,3116,6830,1470,1994,1086,2633,3720,1929,1737,658,1241,383,409,1161,8111,95.140472,44,38,1
PHI,2001,N,2804,6436,1639,2104,1092,2534,3626,1638,1646,705,1176,363,214,715,7461,2771,6500,1350,1798,981,2348,3329,1767,1826,654,1146,458,438,1322,7330,90.063927,43,39,1
PHO,2001,N,3097,6934,1250,1630,1072,2430,3501,1837,1784,668,1167,400,358,1096,7802,2957,6663,1511,2013,1030,2493,3521,1821,1520,685,1200,474,433,1208,7858,93.466827,36,46,0
POR,2001,N,3004,6671,1451,1901,1085,2444,3529,1926,1613,702,1117,368,466,1318,7925,2951,6508,1312,1771,890,2328,3218,1945,1650,613,1147,409,466,1285,7680,91.162689,49,33,1
SAC,2001,N,3267,7003,1618,2154,1013,2702,3715,1958,1560,741,1095,375,426,1160,8578,3128,7108,1312,1764,1065,2617,3682,1839,1826,633,1197,387,386,1145,7954,96.99640699999999,61,21,1
SAS,2001,N,2913,6363,1668,2249,907,2566,3473,1643,1575,625,1133,537,438,1211,7932,2883,6775,1283,1651,1003,2429,3432,1543,1893,635,1128,427,374,1108,7423,91.895927,58,24,1
SEA,2001,N,3131,6681,1263,1672,968,2333,3301,1926,1732,698,1085,364,489,1292,8014,2966,6605,1362,1844,1091,2326,3417,1832,1627,568,1205,400,472,1374,7766,91.043991,45,37,1
TOR,2001,N,2919,6727,1269,1717,1114,2336,3450,1779,1771,688,1109,454,387,1109,7494,2820,6390,1513,2011,995,2436,3432,1629,1613,628,1191,383,377,1089,7530,90.344604,42,40,1
UTA,2001,N,2869,6374,1853,2430,1109,2349,3458,1999,1971,749,1290,523,280,842,7871,2777,6216,1779,2308,927,2204,3133,1585,2070,747,1328,543,465,1215,7798,92.208511,44,38,1
WAS,2001,N,2938,6664,1428,1866,1055,2393,3448,1715,1763,570,999,354,305,786,7609,2953,6534,1396,1849,960,2376,3336,1818,1711,574,1062,414,422,1191,7724,89.923225,37,45,0
ATL,2002,N,2859,6434,1594,2011,937,2558,3495,1679,1783,611,1304,474,402,1141,7714,3015,6907,1530,2013,1072,2420,3492,1771,1668,738,1020,399,446,1243,8006,93.235313,35,47,0
BOS,2002,N,2700,6509,1480,1994,849,2471,3320,1575,1758,720,1105,303,719,2155,7599,2804,6450,1560,2084,937,2750,3687,1824,1798,617,1256,368,463,1400,7631,92.641571,44,38,1
CHI,2002,N,2991,6714,1455,2014,985,2541,3526,1782,2028,605,1330,461,349,997,7786,2991,6817,1794,2394,1117,2572,3689,1949,1795,769,1163,413,431,1333,8207,95.864136,30,52,0
CLE,2002,N,2850,6746,1502,2012,1118,2542,3660,1712,1864,636,1430,521,293,896,7495,3072,6786,1712,2219,932,2491,3423,1972,1709,802,1112,486,428,1197,8284,96.009911,17,65,0
DAL,2002,N,3161,6982,1486,1793,912,2544,3456,1837,1730,665,906,449,636,1668,8444,2926,6687,1477,2032,1045,2681,3726,1781,1744,546,1259,318,477,1401,7806,94.041801,60,22,1
DEN,2002,N,2689,6544,1294,1850,1112,2363,3475,1737,2056,712,1425,422,229,824,6901,2696,6087,1768,2337,861,2443,3304,1764,1788,742,1339,532,420,1134,7580,92.254524,17,65,0
DET,2002,N,2700,6277,1559,2021,883,2445,3328,1620,1748,556,1043,468,533,1488,7492,2744,6269,1413,1895,859,2528,3387,1500,1903,568,1098,344,289,839,7190,88.650963,50,32,1
GSW,2002,N,3061,6941,1853,2382,1284,2546,3830,1712,1786,594,1246,506,425,1235,8400,3240,7175,1575,2084,1204,2388,3592,1934,1937,710,1083,490,438,1177,8493,96.229904,38,44,0
HOU,2002,N,2840,6461,1567,2042,1024,2564,3588,1506,1602,594,1198,493,439,1267,7686,2891,6681,1399,1805,979,2353,3332,1683,1794,663,1041,378,386,1113,7567,91.08444200000001,43,39,0
IND,2002,N,2911,6608,1739,2271,1004,2622,3626,1910,1811,696,1150,443,379,1119,7940,2860,6690,1527,1992,1006,2458,3464,1696,1922,621,1208,506,407,1197,7654,93.810448,48,34,1
LAC,2002,N,2835,6490,1633,2177,1008,2462,3470,1606,1784,574,1246,461,390,1177,7693,3035,6787,1507,1946,1046,2460,3506,1840,1843,652,1099,418,454,1244,8031,92.966728,27,55,0
LAL,2002,N,3091,6856,1562,2129,1078,2554,3632,1909,1874,639,1152,470,486,1367,8230,2976,6725,1622,2133,958,2494,3452,1753,1915,644,1134,308,465,1223,8039,94.925896,50,32,1
MEM,2002,N,3049,6743,1430,1936,943,2466,3409,1892,1678,651,1214,500,467,1279,7995,3224,7008,1381,1819,1126,2555,3681,1991,1781,714,1172,424,431,1188,8260,95.010025,28,54,0
MIA,2002,N,2688,6517,1292,1689,948,2464,3412,1501,1856,592,1097,324,348,1100,7016,2713,6208,1598,2129,872,2587,3459,1482,1671,626,1117,437,406,1149,7430,89.441971,25,57,0
MIL,2002,N,3045,6670,1483,1911,876,2367,3243,1823,1819,622,996,344,585,1526,8158,3043,6642,1574,2114,1022,2540,3562,1892,1685,543,1118,322,479,1278,8139,92.464363,42,40,1
MIN,2002,N,3172,6809,1406,1826,959,2614,3573,2070,1704,553,1091,433,296,804,8046,3005,6873,1394,1853,974,2444,3418,1871,1686,571,1064,398,469,1346,7873,93.816734,51,31,1
NJN,2002,N,2906,6585,1662,2195,991,2528,3519,1887,1772,717,1184,374,346,1041,7820,2757,6461,1453,1941,932,2461,3393,1607,1877,693,1298,421,425,1185,7392,93.22492199999999,49,33,1
NOH,2002,N,2914,6695,1467,1910,1097,2475,3572,1807,1767,656,1151,394,404,1075,7699,2857,6518,1474,1925,909,2368,3277,1630,1754,647,1159,427,338,1001,7526,91.892624,47,35,1
NYK,2002,N,2967,6725,1320,1620,842,2376,3218,1800,1888,579,1114,255,606,1582,7860,2961,6478,1691,2193,935,2613,3548,1732,1630,627,1133,297,358,1053,7971,92.776955,37,45,0
ORL,2002,N,2947,6763,1616,2079,958,2392,3350,1676,1888,696,1138,300,568,1590,8078,3007,6602,1648,2150,970,2596,3566,1837,1824,643,1285,407,405,1212,8067,95.013405,42,40,1
PHI,2002,N,2975,6640,1748,2255,1042,2415,3457,1771,1804,844,1157,284,245,787,7943,2876,6363,1547,2035,908,2400,3308,1809,1884,639,1355,506,453,1278,7752,93.3927,48,34,1
PHO,2002,N,3005,6776,1430,1928,1049,2440,3489,1719,1801,665,1165,404,394,1149,7834,2913,6658,1479,1933,1031,2486,3517,1824,1763,639,1240,446,436,1361,7741,93.42437,44,38,1
POR,2002,N,2987,6491,1450,1947,992,2378,3370,1860,1634,725,1185,316,379,1150,7803,2942,6540,1267,1659,913,2291,3204,1863,1670,681,1201,394,437,1285,7588,91.253426,50,32,1
SAC,2002,N,3242,6990,1367,1832,900,2751,3651,2034,1666,735,1171,457,491,1288,8342,2991,7125,1454,1962,1145,2614,3759,1758,1635,684,1195,351,373,1166,7809,97.33785999999999,59,23,1
SAS,2002,N,2908,6297,1591,2194,939,2556,3495,1636,1672,629,1260,529,449,1270,7856,2862,6703,1334,1737,1029,2322,3351,1559,1914,665,1177,422,354,1043,7412,91.857811,60,22,1
SEA,2002,N,2887,6599,1325,1780,963,2385,3348,1775,1713,679,1026,295,456,1291,7555,2871,6424,1351,1821,938,2462,3400,1703,1671,500,1158,410,472,1371,7565,89.995102,40,42,0
TOR,2002,N,2847,6664,1350,1879,1023,2355,3378,1583,1761,609,1106,392,409,1193,7453,3037,6592,1490,1964,976,2601,3577,1729,1701,604,1079,403,370,986,7934,91.46060899999999,24,58,0
UTA,2002,N,2894,6189,1750,2349,1021,2381,3402,2103,1837,708,1304,467,224,641,7762,2751,6346,1627,2143,1011,2120,3131,1601,1950,723,1253,429,437,1251,7566,90.877747,47,35,1
WAS,2002,N,2816,6394,1617,2077,917,2395,3312,1612,1644,621,1035,390,253,811,7502,2877,6507,1382,1792,949,2447,3396,1776,1804,612,1112,346,449,1242,7585,89.958359,37,45,0
ATL,2003,N,2829,6529,1534,1976,997,2506,3503,1648,1826,627,1278,408,419,1248,7611,2968,6740,1574,2072,1048,2485,3533,1803,1699,731,1086,409,482,1345,7992,92.800003,28,54,0
BOS,2003,N,2843,6415,1572,2095,851,2440,3291,1683,1837,770,1289,331,553,1599,7811,2894,6627,1587,2157,1070,2524,3594,1882,1819,719,1334,407,555,1534,7930,94.300003,36,46,1
CHI,2003,N,2798,6753,1330,1834,1048,2519,3567,1793,1911,659,1249,394,429,1256,7355,2882,6611,1673,2238,1011,2682,3693,1890,1684,694,1190,442,439,1236,7876,93.800003,23,59,0
CLE,2003,N,2922,6753,1528,2030,1118,2619,3737,1808,1742,585,1166,537,247,786,7619,2956,6759,1491,1990,970,2474,3444,1783,1655,635,1018,434,431,1162,7834,92.900002,35,47,0
DAL,2003,N,3322,7230,1475,1854,1174,2538,3712,1963,1609,656,965,437,507,1456,8626,3133,6824,1462,1960,1009,2562,3571,1937,1689,582,1178,382,534,1471,8262,94.800003,52,30,1
DEN,2003,N,2993,6763,1655,2159,1083,2387,3470,1794,1804,745,1201,520,331,985,7972,3019,6662,1470,2020,1056,2465,3521,1931,1895,664,1343,479,376,1056,7884,94.699997,43,39,1
DET,2003,N,2747,6315,1561,2074,1014,2492,3506,1702,1664,659,1179,570,333,969,7388,2633,6378,1287,1730,980,2353,3333,1561,1877,647,1209,410,356,1180,6909,89.199997,54,28,1
GSW,2003,N,2875,6511,1470,2028,1002,2533,3535,1681,1691,576,1154,389,429,1283,7649,2948,6630,1399,1875,981,2532,3513,1762,1801,666,1101,417,414,1107,7709,91.400002,37,45,0
HOU,2003,N,2738,6195,1371,1774,847,2647,3494,1579,1762,560,1295,443,515,1406,7362,2636,6405,1491,2024,908,2351,3259,1689,1694,710,1048,359,457,1227,7220,89.800003,45,37,1
IND,2003,N,2753,6322,1538,2014,965,2452,3417,1774,1709,726,1108,411,449,1281,7493,2671,6179,1350,1800,867,2423,3290,1649,1794,581,1242,513,329,1014,7021,88.800003,61,21,1
LAC,2003,N,2817,6579,1808,2302,1149,2416,3565,1653,1816,594,1281,376,329,1024,7771,3075,6687,1545,2086,1033,2358,3391,1874,1861,693,1070,437,452,1256,8147,92.800003,28,54,0
LAL,2003,N,3028,6676,1631,2352,1001,2535,3536,1948,1732,682,1096,379,365,1115,8052,2920,6640,1472,1964,922,2558,3480,1708,2023,616,1186,308,420,1247,7732,94.099998,56,26,1
MEM,2003,N,2963,6657,1557,2143,1047,2381,3428,1915,1903,795,1180,565,447,1314,7930,2859,6550,1643,2150,1098,2508,3606,1674,1888,673,1319,461,369,1091,7730,93.300003,50,32,1
MIA,2003,N,2729,6417,1459,1915,940,2459,3399,1565,1812,590,1076,313,485,1357,7402,2658,6206,1612,2100,893,2486,3379,1525,1728,578,1161,439,431,1256,7359,89.400002,42,40,1
MIL,2003,N,2970,6650,1698,2192,960,2502,3462,1872,1667,554,1066,383,401,1145,8039,3034,6719,1428,1932,983,2521,3504,1870,1877,615,1115,405,456,1296,7952,93.199997,41,41,1
MIN,2003,N,3033,6571,1361,1743,875,2645,3520,1890,1731,561,1004,462,326,897,7753,2741,6625,1426,1893,1001,2399,3400,1701,1653,547,1051,296,395,1181,7303,90.5,58,24,1
NJN,2003,N,2813,6372,1398,1856,862,2473,3335,2009,1722,709,1157,322,377,1123,7401,2693,6303,1392,1830,874,2471,3345,1627,1739,656,1243,374,418,1193,7196,90.400002,47,35,1
NOH,2003,N,2772,6605,1454,1937,1091,2418,3509,1716,1716,708,1155,346,531,1666,7529,2843,6443,1407,1877,972,2477,3449,1790,1734,613,1204,429,444,1301,7537,90.800003,41,41,1
NYK,2003,N,2881,6513,1374,1732,950,2543,3493,1695,1897,608,1253,391,406,1115,7542,2785,6491,1678,2198,950,2444,3394,1676,1599,675,1079,384,415,1228,7663,91.599998,39,43,1
ORL,2003,N,2904,6768,1474,2000,1003,2350,3353,1584,1744,547,1063,308,429,1248,7711,3169,6804,1458,1964,1072,2570,3642,2004,1691,625,1057,444,491,1301,8287,92.839996,21,61,0
PHI,2003,N,2682,6260,1512,2009,941,2408,3349,1640,1701,654,1207,358,339,992,7215,2751,6369,1474,1982,996,2398,3394,1747,1757,678,1185,462,443,1329,7419,89.699997,33,49,0
PHO,2003,N,2958,6671,1392,1865,924,2406,3330,1586,1862,734,1203,383,415,1202,7723,2975,6671,1601,2092,1038,2550,3588,1760,1589,649,1232,431,479,1374,8030,94.0,29,53,0
POR,2003,N,2898,6467,1263,1728,1040,2376,3416,1768,1554,613,1134,444,381,1102,7440,2954,6567,1219,1618,1016,2292,3308,1912,1533,657,1066,390,417,1222,7544,88.5,41,41,0
SAC,2003,N,3103,6711,1626,2044,888,2492,3380,2152,1586,710,1107,325,601,1498,8433,3140,6921,1333,1780,1080,2521,3601,1743,1817,651,1175,413,409,1206,8022,94.400002,55,27,1
SAS,2003,N,2842,6434,1409,2069,1028,2669,3697,1676,1667,661,1155,537,408,1140,7501,2613,6388,1372,1844,909,2459,3368,1419,1837,635,1194,381,311,951,6909,90.400002,57,25,1
SEA,2003,N,2939,6590,1363,1782,907,2318,3225,1782,1783,661,1128,387,723,1936,7964,2980,6622,1570,2028,1068,2430,3498,1728,1658,629,1158,386,486,1394,8016,91.800003,37,45,0
TOR,2003,N,2654,6348,1237,1650,830,2419,3249,1574,1748,604,1090,401,461,1294,7006,2722,6365,1536,2055,1034,2662,3696,1518,1619,590,1137,333,273,889,7253,88.800003,33,49,0
UTA,2003,N,2690,6171,1639,2197,1103,2272,3375,1671,2095,583,1255,494,252,786,7271,2541,5879,1874,2431,868,2131,2999,1528,1999,666,1216,530,415,1209,7371,88.099998,42,40,0
WAS,2003,N,2758,6556,1579,2211,1115,2392,3507,1537,1712,733,1371,406,433,1269,7528,3061,6741,1444,1874,1048,2520,3568,1966,1783,787,1269,446,424,1238,7990,94.099998,25,57,0
ATL,2004,N,2942,6672,1417,1994,1100,2335,3435,1614,2009,629,1319,344,304,973,7605,3044,6389,1846,2396,902,2483,3385,1803,1777,716,1235,484,467,1232,8401,93.94873,13,69,0
BOS,2004,N,3046,6511,1775,2323,909,2438,3347,1810,2000,667,1297,423,437,1252,8304,2960,6664,1825,2423,1039,2427,3466,1859,1937,714,1248,402,488,1370,8233,95.735855,45,37,1
CHI,2004,N,2849,6592,1536,2048,1001,2591,3592,1743,2028,576,1371,369,511,1433,7745,2763,6548,1716,2305,979,2524,3503,1715,1914,685,1272,434,416,1245,7658,96.283737,47,35,1
CHR,2004,N,2961,6859,1487,2096,1083,2335,3418,1794,1893,695,1192,440,320,881,7729,3015,6507,1748,2279,959,2586,3545,1768,1857,624,1304,446,442,1224,8220,96.20163000000001,18,64,0
CLE,2004,N,2990,6687,1634,2174,1117,2352,3469,1851,1850,654,1141,461,300,904,7914,2913,6444,1601,2135,938,2324,3262,1737,1770,549,1226,419,422,1122,7849,93.840187,42,40,0
DAL,2004,N,3058,6691,1826,2314,990,2530,3520,1610,1827,708,1102,461,463,1273,8405,2941,6712,1601,2123,1072,2467,3539,1714,1898,584,1258,399,451,1366,7934,95.204948,58,24,1
DEN,2004,N,3038,6615,1765,2313,967,2473,3440,1958,1878,750,1224,489,320,940,8161,2950,6606,1632,2189,975,2441,3416,1778,1960,636,1325,458,463,1342,7995,96.02964,49,33,1
DET,2004,N,2851,6421,1588,2150,1054,2507,3561,1787,1638,576,1133,497,363,1053,7653,2791,6496,1344,1790,928,2321,3249,1618,1851,610,1138,367,410,1213,7336,89.839737,54,28,1
GSW,2004,N,3029,7039,1412,1955,1069,2436,3505,1811,1833,642,1112,420,624,1774,8094,3133,6838,1555,2087,1057,2771,3828,1858,1782,570,1231,417,450,1240,8271,95.68940699999999,34,48,0
HOU,2004,N,2846,6419,1551,1986,874,2601,3475,1733,1806,563,1135,378,553,1521,7796,2720,6423,1571,2116,892,2444,3336,1696,1773,607,1091,335,454,1343,7465,91.30323,51,31,1
IND,2004,N,2668,6169,1748,2206,868,2418,3286,1489,1889,615,1173,357,542,1575,7626,2768,6284,1637,2202,972,2416,3388,1540,1883,549,1177,398,391,1071,7564,90.938339,44,38,1
LAC,2004,N,2924,6368,1770,2274,980,2455,3435,1901,1819,599,1290,422,231,669,7849,2936,6618,1555,2041,986,2255,3241,1732,1934,638,1128,393,485,1317,7912,91.881775,37,45,0
LAL,2004,N,2895,6629,1661,2137,1028,2511,3539,1672,1793,508,1176,344,644,1814,8095,3141,6928,1507,1931,1023,2453,3476,2001,1814,627,968,420,549,1522,8338,94.820389,34,48,0
MEM,2004,N,2802,6271,1526,2024,887,2307,3194,1716,1910,699,1197,476,531,1486,7661,2684,6215,1679,2179,993,2387,3380,1633,1852,612,1279,476,426,1215,7473,90.929123,45,37,1
MIA,2004,N,3097,6368,1658,2466,887,2639,3526,1790,1814,528,1127,474,475,1260,8327,2865,6705,1621,2134,922,2397,3319,1620,2020,611,1048,264,441,1269,7792,92.87087199999999,59,23,1
MIL,2004,N,2964,6580,1720,2229,985,2405,3390,1720,1797,529,1132,289,325,925,7973,3098,6678,1559,2022,935,2413,3348,1953,1952,611,1087,370,463,1349,8218,93.594177,30,52,0
MIN,2004,N,3045,6629,1449,1820,947,2580,3527,1918,1774,460,1079,447,395,1145,7934,2967,6776,1413,1880,1032,2359,3391,1783,1629,540,954,323,468,1291,7815,92.771713,44,38,0
NJN,2004,N,2753,6419,1555,2039,855,2387,3242,1772,1984,650,1163,308,435,1203,7496,2710,6167,1714,2304,874,2503,3377,1666,1880,601,1303,402,485,1319,7619,91.83976,42,40,1
NOH,2004,N,2718,6555,1401,1830,1019,2281,3300,1724,1883,550,1217,310,415,1316,7252,2847,6299,1644,2122,947,2485,3432,1742,1728,634,1182,452,494,1346,7832,90.47193100000001,18,64,0
NYK,2004,N,2978,6599,1580,2060,965,2393,3358,1665,1942,629,1204,260,441,1240,7977,3001,6454,1711,2264,969,2448,3417,1697,1736,602,1222,389,464,1276,8177,94.384277,33,49,0
ORL,2004,N,3034,6679,1772,2335,1038,2544,3582,1583,1937,633,1322,441,320,916,8160,3081,6826,1739,2306,1024,2428,3452,1747,1920,698,1176,354,443,1291,8344,97.333916,36,46,0
PHI,2004,N,2946,6736,1731,2194,909,2536,3445,1710,1878,756,1274,321,505,1453,8128,2930,6618,1764,2299,952,2663,3615,1878,1929,681,1372,383,565,1560,8189,97.40168,43,39,1
PHO,2004,N,3351,7018,1556,2080,967,2652,3619,1927,1563,572,1125,453,796,2026,9054,3328,7485,1320,1775,1233,2550,3783,1741,1750,627,1108,342,494,1476,8470,98.47644,62,20,1
POR,2004,N,2896,6422,1409,1944,970,2404,3374,1722,1702,583,1307,544,420,1161,7621,3056,6842,1397,1851,1149,2312,3461,1923,1670,700,1098,414,440,1283,7949,92.568474,27,55,0
SAC,2004,N,3203,6978,1577,2004,1023,2455,3478,2005,1684,674,1073,316,522,1396,8505,3186,6941,1485,2011,1102,2532,3634,1766,1761,622,1196,365,471,1318,8328,96.84180500000001,50,32,1
SAS,2004,N,2923,6450,1535,2120,987,2489,3476,1771,1716,613,1126,543,507,1395,7888,2712,6359,1501,1955,893,2403,3296,1385,1891,594,1246,421,323,881,7248,91.455696,59,23,1
SEA,2004,N,2882,6498,1683,2131,1041,2311,3352,1487,1943,553,1113,338,666,1824,8113,2932,6382,1591,2124,930,2174,3104,1698,1948,508,1127,390,470,1317,7925,91.244949,52,30,1
TOR,2004,N,2952,6656,1626,2101,844,2444,3288,1670,1875,621,1087,317,648,1681,8178,3133,6708,1610,2165,991,2720,3711,1814,1795,507,1188,360,435,1222,8311,95.01261099999999,33,49,0
UTA,2004,N,2828,6301,1719,2272,1047,2243,3290,1826,2189,541,1292,374,250,762,7625,2731,5965,2027,2653,859,2230,3089,1592,2057,646,1213,474,486,1297,7975,91.195145,26,56,0
WAS,2004,N,2966,6794,1795,2476,1133,2374,3507,1563,1806,716,1173,347,514,1498,8241,3099,6748,1549,2034,1017,2510,3527,1885,1994,586,1276,412,521,1432,8268,96.008492,45,37,1
